{"Model Name": "GradientBoostingClassifier", "precision": 0.7232375979112271, "recall": 0.5580926796507724, "fbeta": 0.6300227445034117}