{"Model Name": "GradientBoostingClassifier", "precision": 0.7176954732510288, "recall": 0.5710543549443353, "fbeta": 0.6360320933625092}