{"Model Name": "GradientBoostingClassifier", "precision": 0.7133163698049194, "recall": 0.5614152202937249, "fbeta": 0.6283152782966007}