{"Model Name": "GradientBoostingClassifier", "precision": 0.6976024748646559, "recall": 0.5785760102629891, "fbeta": 0.632538569424965}