{"Model Name": "GradientBoostingClassifier", "precision": 0.708, "recall": 0.5853174603174603, "fbeta": 0.6408399710354815}