{"Model Name": "GradientBoostingClassifier", "precision": 0.7120127287191726, "recall": 0.591931216931217, "fbeta": 0.6464427591188155}