{"Model Name": "GradientBoostingClassifier", "precision": 0.7002305918524212, "recall": 0.5843489416292496, "fbeta": 0.6370629370629372}