{"Model Name": "GradientBoostingClassifier", "precision": 0.7148972602739726, "recall": 0.5475409836065573, "fbeta": 0.6201262532491645}