{"Model Name": "GradientBoostingClassifier", "precision": 0.7069805194805194, "recall": 0.5619354838709677, "fbeta": 0.6261682242990655}